Game Title,Developer,Genre,Metacritic Score,Platform,Status,Priority,Publisher,Public Reviews & Links,Recommendation Source,Release Date
Battlefield 6,Battlefield Studios,"Action, Shooter",85,"PC, PlayStation 5, Xbox Series X|S",Want to Play,High,Electronic Arts,No. 1 best-selling game of 2025. Biggest launch in Battlefield history with 7 million copies sold in 3 days and 750K concurrent Steam players.,Personal Discovery,"October 1, 2025"
Hollow Knight: Silksong,Team Cherry,"Action, Adventure, Indie, Platformer",100,"Nintendo Switch, PC, PlayStation 5, Xbox Series X|S",Want to Play,High,Team Cherry,Perfect 100 Metacritic score - highest rated game of all time currently. Sequel to critically acclaimed Hollow Knight.,Personal Discovery,"September 4, 2025"
Clair Obscur: Expedition 33,Sandfall Interactive,RPG,92,"PC, PlayStation 5, Xbox Series X|S",Want to Play,High,Kepler Interactive,Highest-rated new game of 2025 with Metascore of 92.,Personal Discovery,"April 1, 2025"
Call of Duty: Black Ops 6,Treyarch,"Action, Shooter",82,"PC, PlayStation 5, Xbox Series X|S",Want to Play,Medium,Activision,Best-selling game of 2024 in the US. Call of Duty has been No. 1 franchise for 16 years in a row.,Personal Discovery,"October 25, 2024"
Metaphor: ReFantazio,Studio Zero,RPG,94,"PC, PlayStation 5, Xbox Series X|S",Want to Play,High,Atlus,"Metascore 94. From creators of Persona 3, 4, and 5. One of highest-rated games of 2024.",Personal Discovery,"October 11, 2024"
The Plucky Squire,All Possible Futures,"Adventure, Platformer",76,"Nintendo Switch, PC, PlayStation 5, Xbox Series X|S",Want to Play,Medium,Devolver Digital,Metascore 76. 2D/3D dimension-hopping adventure. Charming storybook aesthetic.,Personal Discovery,"September 17, 2024"
Astro Bot,Team Asobi,"Action, Adventure, Platformer",94,PlayStation 5,Want to Play,High,Sony Interactive Entertainment,Highest-rated standalone game of 2024 with Metascore of 94. Won multiple Game of the Year awards.,Personal Discovery,"September 6, 2024"
Black Myth: Wukong,Game Science,"Action, RPG",81,"PC, PlayStation 5",Want to Play,High,Game Science,Metascore 81. Action-RPG based on Journey to the West. Over 20 million sold in first month.,Personal Discovery,"August 20, 2024"
Elden Ring: Shadow of the Erdtree,FromSoftware,"Action, RPG",95,"PC, PlayStation 4, PlayStation 5, Xbox One, Xbox Series X|S",Want to Play,High,Bandai Namco Entertainment,Metascore 95 - DLC expansion for Elden Ring. One of highest-rated releases of 2024.,Personal Discovery,"June 21, 2024"
Lorelei and the Laser Eyes,Simogo,"Adventure, Indie, Puzzle",87,"Nintendo Switch, PC, PlayStation 4, PlayStation 5",Want to Play,High,Annapurna Interactive,Metascore 87. Monochrome puzzle mystery. Dense with brain-teasing challenges.,Personal Discovery,"May 16, 2024"
Crow Country,SFB Games,"Adventure, Horror",83,"Nintendo Switch, PC, PlayStation 5",Want to Play,High,SFB Games,Metascore 83. PS1-style survival horror. Atmospheric theme park setting.,Personal Discovery,"May 9, 2024"
Animal Well,Billy Basso,"Indie, Platformer, Puzzle",91,"PC, PlayStation 5",Want to Play,High,Bigmode,Metascore 91. Atmospheric metroidvania. Dense with secrets and minimal guidance.,Personal Discovery,"May 9, 2024"
1000xRESIST,sunset visitor,"Adventure, Indie",89,"Nintendo Switch, PC",Want to Play,High,Fellow Traveller,Metascore 89. Sci-fi narrative adventure. Complex story about clones and memory.,Personal Discovery,"May 9, 2024"
Indika,Odd Meter,"Adventure, Puzzle",78,"PC, PlayStation 5, Xbox Series X|S",Want to Play,Medium,11 bit studios,Metascore 78. Surreal Russian Orthodox adventure. Philosophical narrative.,Personal Discovery,"May 2, 2024"
Harold Halibut,Slow Bros.,"Adventure, Indie",73,"PC, PlayStation 5, Xbox Series X|S",Want to Play,Medium,Slow Bros.,Metascore 73. Handcrafted stop-motion adventure. Unique visual style.,Personal Discovery,"April 16, 2024"
Botany Manor,Balloon Studios,"Adventure, Indie, Puzzle",79,"Nintendo Switch, PC, Xbox One, Xbox Series X|S",Want to Play,Medium,Whitethorn Games,Metascore 79. Cozy puzzle game about growing plants. Beautiful Victorian manor.,Personal Discovery,"April 9, 2024"
Dragon's Dogma 2,Capcom,"Action, RPG",86,"PC, PlayStation 5, Xbox Series X|S",Want to Play,High,Capcom,Metascore 86. Action-RPG sequel 12 years later. Expansive world with pawn system.,Personal Discovery,"March 22, 2024"
Tiny Rogues,Ravenous Games,"Action, Indie",79,PC,Want to Play,Medium,Ravenous Games,Metascore 79. Bullet hell roguelike. Tiny pixel art with huge content.,Personal Discovery,"March 16, 2024"
Unicorn Overlord,Vanillaware,"RPG, Strategy",85,"Nintendo Switch, PC, PlayStation 4, PlayStation 5, Xbox Series X|S",Want to Play,High,Atlus,Metascore 85. Tactical RPG from Vanillaware. Beautiful 2D art and deep strategy.,Personal Discovery,"March 8, 2024"
Final Fantasy VII Rebirth,Square Enix,"Action, RPG",92,PlayStation 5,Want to Play,High,Square Enix,Metascore 92. Second part of FF7 Remake trilogy. Massive open-world expansion.,Personal Discovery,"February 29, 2024"
Pacific Drive,Ironwood Studios,"Adventure, Horror",79,"PC, PlayStation 5",Want to Play,Medium,Kepler Interactive,Metascore 79. First-person driving survival. Mysterious anomalous zone.,Personal Discovery,"February 22, 2024"
Balatro,LocalThunk,"Indie, Strategy",90,"Nintendo Switch, PC, PlayStation 4, PlayStation 5, Xbox One, Xbox Series X|S",Want to Play,High,Playstack,Metascore 90. Poker-based roguelike deckbuilder. Highly addictive indie hit.,Personal Discovery,"February 20, 2024"
Helldivers 2,Arrowhead Game Studios,"Action, Shooter",82,"PC, PlayStation 5",Want to Play,High,Sony Interactive Entertainment,Third best-selling game of 2024. User score 8.2. Breakout multiplayer hit.,Personal Discovery,"February 8, 2024"
Like a Dragon: Infinite Wealth,Ryu Ga Gotoku Studio,"Action, RPG",89,"PC, PlayStation 4, PlayStation 5, Xbox One, Xbox Series X|S",Want to Play,High,Sega,Metascore 89. Yakuza series continuation. Hawaii setting with dual protagonists.,Personal Discovery,"January 26, 2024"
Tekken 8,Bandai Namco Studios,Fighting,90,"PC, PlayStation 5, Xbox Series X|S",Want to Play,High,Bandai Namco Entertainment,Metascore 90. Fighting game revival. Aggressive Heat system and stunning visuals.,Personal Discovery,"January 26, 2024"
Palworld,Pocketpair,"Action, Adventure, Simulation",76,"PC, Xbox One, Xbox Series X|S",Want to Play,Medium,Pocketpair,Metascore 76. Creature collection survival game. Over 25 million sold in early access.,Personal Discovery,"January 19, 2024"
Prince of Persia: The Lost Crown,Ubisoft Montpellier,"Action, Platformer",86,"Nintendo Switch, PC, PlayStation 4, PlayStation 5, Xbox One, Xbox Series X|S",Want to Play,High,Ubisoft,Metascore 86. Metroidvania revival of classic series. Tight combat and level design.,Personal Discovery,"January 18, 2024"
Jusant,Don't Nod,"Adventure, Puzzle",82,"PC, PlayStation 5, Xbox Series X|S",Want to Play,Medium,Don't Nod,Metascore 82. Meditative climbing game. Beautiful environments and zen atmosphere.,Personal Discovery,"October 31, 2023"
Alan Wake 2,Remedy Entertainment,"Action, Adventure, Horror",89,"PC, PlayStation 5, Xbox Series X|S",Want to Play,High,Epic Games,Metascore 89. Survival horror sequel 13 years later. Dual protagonists and reality-bending narrative.,Personal Discovery,"October 27, 2023"
Marvel's Spider-Man 2,Insomniac Games,"Action, Adventure",90,PlayStation 5,Want to Play,High,Sony Interactive Entertainment,Metascore 90. One of PS5's biggest exclusives of 2023. Features both Peter Parker and Miles Morales as playable characters.,Personal Discovery,"October 20, 2023"
Super Mario Bros. Wonder,Nintendo,"Action, Platformer",92,Nintendo Switch,Want to Play,High,Nintendo,Metascore 92-93. First new 2D Mario in over a decade. Praised for creativity and innovation in classic Mario formula.,Personal Discovery,"October 20, 2023"
Cocoon,Geometric Interactive,"Adventure, Indie, Puzzle",90,"Nintendo Switch, PC, PlayStation 4, PlayStation 5, Xbox One, Xbox Series X|S",Want to Play,High,Annapurna Interactive,Metascore 90. Mind-bending puzzle game. World-within-worlds concept from Limbo creator.,Personal Discovery,"September 29, 2023"
Lies of P,Neowiz,"Action, RPG",80,"PC, PlayStation 4, PlayStation 5, Xbox One, Xbox Series X|S",Want to Play,High,Neowiz,Metascore 80. Pinocchio-themed soulslike. Praised for unique setting and boss fights.,Personal Discovery,"September 19, 2023"
Starfield,Bethesda Game Studios,"RPG, Shooter",83,"PC, Xbox Series X|S",Want to Play,High,Bethesda Softworks,Metascore 83. Bethesda's space RPG. Over 1000 planets to explore. Over 10 million players.,Personal Discovery,"September 6, 2023"
Chants of Sennaar,Rundisc,"Adventure, Indie, Puzzle",84,"Nintendo Switch, PC, PlayStation 4, Xbox One",Want to Play,High,Focus Entertainment,Metascore 84. Language deciphering puzzle game. Tower of Babel-inspired unique concept.,Personal Discovery,"September 5, 2023"
Sea of Stars,Sabotage Studio,"Indie, RPG",87,"Nintendo Switch, PC, PlayStation 4, PlayStation 5, Xbox One, Xbox Series X|S",Want to Play,High,Sabotage Studio,Metascore 87. Turn-based RPG homage to Chrono Trigger. Beautiful pixel art and music.,Personal Discovery,"August 29, 2023"
Armored Core VI: Fires of Rubicon,FromSoftware,"Action, Shooter",86,"PC, PlayStation 4, PlayStation 5, Xbox One, Xbox Series X|S",Want to Play,High,Bandai Namco Entertainment,Metascore 86. Mech action from FromSoftware. Fast-paced combat with deep customization.,Personal Discovery,"August 25, 2023"
Blasphemous 2,The Game Kitchen,"Action, Platformer",84,"Nintendo Switch, PC, PlayStation 5, Xbox Series X|S",Want to Play,High,Team17,Metascore 84. Dark metroidvania sequel. Gothic Spanish religious imagery and brutal combat.,Personal Discovery,"August 24, 2023"
Baldur's Gate 3,Larian Studios,"RPG, Strategy",96,"PC, PlayStation 5, Xbox Series X|S",Want to Play,High,Larian Studios,Metascore 96-99 depending on platform. Won Game of the Year 2023. Highest-rated Xbox Series X/S game with 99 score.,Personal Discovery,"August 3, 2023"
Venba,Visai Games,"Adventure, Indie, Simulation",79,"Nintendo Switch, PC, PlayStation 5, Xbox One, Xbox Series X|S",Want to Play,Medium,Visai Games,Metascore 79. Narrative cooking game about immigrant family. Emotional story about cultural identity.,Personal Discovery,"July 31, 2023"
Pikmin 4,Nintendo,"Adventure, Strategy",87,Nintendo Switch,Want to Play,High,Nintendo,Metascore 87. Charming strategy adventure. Most accessible Pikmin game with new Oatchi companion.,Personal Discovery,"July 21, 2023"
Viewfinder,Sad Owl Studios,"Adventure, Indie, Puzzle",79,"PC, PlayStation 5",Want to Play,Medium,Thunderful Publishing,Metascore 79. Reality-warping puzzle game. Use photos to change the world.,Personal Discovery,"July 18, 2023"
Dave the Diver,Mintrocket,"Adventure, Indie, Simulation",90,"Nintendo Switch, PC",Want to Play,High,Nexon,Metascore 90. Diving adventure meets sushi restaurant sim. Charming and addictive gameplay loop.,Personal Discovery,"June 28, 2023"
Final Fantasy XVI,Square Enix,"Action, RPG",87,PlayStation 5,Want to Play,High,Square Enix,Metascore 87-88. Major departure for Final Fantasy with action-focused combat. Praised for epic boss battles and story.,Personal Discovery,"June 22, 2023"
Diablo IV,Blizzard Entertainment,"Action, RPG",86,"PC, PlayStation 4, PlayStation 5, Xbox One, Xbox Series X|S",Want to Play,High,Blizzard Entertainment,Metascore 86. Dark action-RPG return to form. Over 12 million sold in first month.,Personal Discovery,"June 6, 2023"
Street Fighter 6,Capcom,Fighting,92,"PC, PlayStation 5, Xbox Series X|S",Want to Play,Medium,Capcom,Metascore 92. Revitalized the fighting game genre with innovative World Tour mode and modern controls.,Personal Discovery,"June 2, 2023"
The Legend of Zelda: Tears of the Kingdom,Nintendo,"Action, Adventure, RPG",96,Nintendo Switch,Want to Play,High,Nintendo,Metascore 96. Highest-rated game of first half of 2023. Sequel to Breath of the Wild with revolutionary building mechanics.,Personal Discovery,"May 12, 2023"
Star Wars Jedi: Survivor,Respawn Entertainment,"Action, Adventure",85,"PC, PlayStation 5, Xbox Series X|S",Want to Play,High,Electronic Arts,Metascore 85. Sequel to Fallen Order. Expanded combat and exploration.,Personal Discovery,"April 28, 2023"
Dredge,Black Salt Games,"Adventure, Horror, Indie",84,"Nintendo Switch, PC, PlayStation 4, PlayStation 5, Xbox One, Xbox Series X|S",Want to Play,High,Team17,Metascore 84. Lovecraftian fishing game. Atmospheric horror with satisfying gameplay loop.,Personal Discovery,"March 30, 2023"
Resident Evil 4 Remake,Capcom,"Action, Adventure, Horror",93,"PC, PlayStation 5, Xbox Series X|S",Want to Play,High,Capcom,Metascore 93. Third highest-rated game of 2023. Reimagining of one of gaming's most influential titles.,Personal Discovery,"March 24, 2023"
Tchia,Awaceb,"Adventure, Indie",79,"PC, PlayStation 4, PlayStation 5",Want to Play,Medium,Kepler Interactive,Metascore 79. Tropical open-world adventure. Soul-jumping mechanics and New Caledonia-inspired setting.,Personal Discovery,"March 21, 2023"
Wo Long: Fallen Dynasty,Team Ninja,"Action, RPG",81,"PC, PlayStation 4, PlayStation 5, Xbox One, Xbox Series X|S",Want to Play,Medium,Koei Tecmo,Metascore 81. Chinese Three Kingdoms soulslike. Faster combat than Nioh.,Personal Discovery,"March 3, 2023"
Octopath Traveler II,Square Enix,RPG,84,"Nintendo Switch, PC, PlayStation 4, PlayStation 5, Xbox Series X|S",Want to Play,High,Square Enix,Metascore 84. HD-2D JRPG sequel. Improved systems and interconnected stories.,Personal Discovery,"February 24, 2023"
Atomic Heart,Mundfish,"Action, Shooter",71,"PC, PlayStation 4, PlayStation 5, Xbox One, Xbox Series X|S",Want to Play,Medium,Focus Entertainment,Metascore 71. Soviet alternate history FPS. Stylish but mixed reception.,Personal Discovery,"February 21, 2023"
Hogwarts Legacy,Avalanche Software,"Action, Adventure, RPG",84,"Nintendo Switch, PC, PlayStation 5, Xbox Series X|S",Want to Play,High,Warner Bros. Games,30 million copies sold. Best-selling game of 2023 initially. Harry Potter open-world.,Personal Discovery,"February 10, 2023"
Hogwarts Legacy,Avalanche Software,"Action, Adventure, RPG",84,"Nintendo Switch, PC, PlayStation 5, Xbox Series X|S",Want to Play,Medium,Warner Bros. Games,30 million copies sold in 2 years. Most recent entry in all-time best-sellers list. Harry Potter universe game.,Personal Discovery,"February 10, 2023"
Metroid Prime Remastered,Retro Studios,"Action, Adventure, Shooter",94,Nintendo Switch,Want to Play,High,Nintendo,Metascore 94. Second highest-rated game of 2023. Masterful remaster of GameCube classic.,Personal Discovery,"February 8, 2023"
Dead Space Remake,Motive Studio,"Action, Horror",89,"PC, PlayStation 5, Xbox Series X|S",Want to Play,High,Electronic Arts,Metascore 89. Faithful remake of 2008 survival horror classic. Enhanced visuals and gameplay while preserving original's atmosphere.,Personal Discovery,"January 27, 2023"
Pizza Tower,Tour De Pizza,"Action, Indie, Platformer",87,PC,Want to Play,High,Tour De Pizza,Metascore 87. Frenetic Wario Land-inspired platformer. Unique art style and soundtrack.,Personal Discovery,"January 26, 2023"
Hi-Fi Rush,Tango Gameworks,"Action, Platformer",87,"PC, PlayStation 5, Xbox Series X|S",Want to Play,High,Bethesda Softworks,Metascore 87. Rhythm-based action game. Surprise shadow drop. Colorful and innovative.,Personal Discovery,"January 25, 2023"
High on Life,Squanch Games,"Action, Shooter",67,"PC, Xbox One, Xbox Series X|S",Want to Play,Low,Squanch Games,Metascore 67. Talking gun FPS from Rick and Morty creator. Comedic but polarizing.,Personal Discovery,"December 13, 2022"
Midnight Suns,Firaxis Games,"RPG, Strategy",83,"Nintendo Switch, PC, PlayStation 5, Xbox Series X|S",Want to Play,High,2K Games,Metascore 83. Marvel tactical RPG. Card-based combat from XCOM creators.,Personal Discovery,"December 2, 2022"
Pokémon Scarlet and Violet,Game Freak,"Adventure, RPG",72,Nintendo Switch,Want to Play,Medium,Nintendo,Best-selling Nintendo game of 2022. First open-world mainline Pokémon games. Sold over 25 million copies despite technical issues.,Personal Discovery,"November 18, 2022"
Pentiment,Obsidian Entertainment,"Adventure, RPG",86,"PC, Xbox One, Xbox Series X|S",Want to Play,High,Xbox Game Studios,Metascore 86. Historical murder mystery. Unique illuminated manuscript art style.,Personal Discovery,"November 15, 2022"
God of War Ragnarök,Santa Monica Studio,"Action, Adventure",94,"PlayStation 4, PlayStation 5",Want to Play,High,Sony Interactive Entertainment,Metascore 94. Best-selling PlayStation exclusive of 2022. Epic conclusion to Norse mythology saga. Won multiple GOTY awards.,Personal Discovery,"November 9, 2022"
Sonic Frontiers,Sonic Team,"Action, Adventure, Platformer",72,"Nintendo Switch, PC, PlayStation 4, PlayStation 5, Xbox One, Xbox Series X|S",Want to Play,Medium,Sega,Metascore 72. Open-world Sonic experiment. Divisive but sold over 4 million copies.,Personal Discovery,"November 8, 2022"
Bayonetta 3,PlatinumGames,Action,86,Nintendo Switch,Want to Play,High,Nintendo,Metascore 86. Over-the-top action spectacle. Controversial ending but refined gameplay.,Personal Discovery,"October 28, 2022"
Call of Duty: Modern Warfare II,Infinity Ward,"Action, Shooter",75,"PC, PlayStation 4, PlayStation 5, Xbox One, Xbox Series X|S",Want to Play,Low,Activision,Best-selling game of 2022 in the US. Continued Call of Duty's dominance in the shooter market.,Personal Discovery,"October 28, 2022"
Signalis,rose-engine,"Adventure, Horror, Indie",84,"Nintendo Switch, PC, PlayStation 4, Xbox One, Xbox Series X|S",Want to Play,High,Humble Games,Metascore 84. Retro survival horror. PS1 aesthetic with deep sci-fi story.,Personal Discovery,"October 27, 2022"
Gotham Knights,WB Games Montréal,"Action, RPG",68,"PC, PlayStation 5, Xbox Series X|S",Want to Play,Medium,Warner Bros. Games,Metascore 68. Batman family co-op game. Mixed reception but dedicated fanbase.,Personal Discovery,"October 21, 2022"
Vampire Survivors,Poncle,"Action, Indie",87,"Mobile, Nintendo Switch, PC, PlayStation 5, Xbox One, Xbox Series X|S",Want to Play,High,Poncle,Metascore 87. Addictive bullet heaven roguelike. Created genre phenomenon for low price.,Personal Discovery,"October 20, 2022"
Marvel Snap,Second Dinner,Strategy,81,"Mobile, PC",Want to Play,Medium,Nuverse,Metascore 81. Fast-paced card game. Unique lane-based strategy with Marvel characters.,Personal Discovery,"October 18, 2022"
A Plague Tale: Requiem,Asobo Studio,"Action, Adventure",84,"Nintendo Switch, PC, PlayStation 5, Xbox Series X|S",Want to Play,High,Focus Entertainment,Metascore 84. Dark medieval stealth adventure. Stunning visuals and emotional story.,Personal Discovery,"October 18, 2022"
Scorn,Ebb Software,"Adventure, Horror",67,"PC, Xbox Series X|S",Want to Play,Medium,Kepler Interactive,Metascore 67. H.R. Giger-inspired horror. Biomechanical nightmare world.,Personal Discovery,"October 14, 2022"
The Case of the Golden Idol,Color Gray Games,"Adventure, Indie, Puzzle",88,"Nintendo Switch, PC, PlayStation 4, PlayStation 5, Xbox One, Xbox Series X|S",Want to Play,High,Playstack,Metascore 88. Detective puzzle game. Freeze-frame crime scenes and deduction.,Personal Discovery,"October 13, 2022"
Splatoon 3,Nintendo,"Action, Shooter",83,Nintendo Switch,Want to Play,High,Nintendo,"Metascore 83. Colorful team-based shooter. Over 11 million sold, best-selling in series.",Personal Discovery,"September 9, 2022"
Tinykin,Splashteam,"Adventure, Indie, Platformer",83,"Nintendo Switch, PC, PlayStation 4, PlayStation 5, Xbox One, Xbox Series X|S",Want to Play,Medium,tinyBuild,Metascore 83. Pikmin-like 3D platformer. Charming ant-sized adventure in a house.,Personal Discovery,"August 30, 2022"
Saints Row (2022),Volition,"Action, Adventure",64,"PC, PlayStation 4, PlayStation 5, Xbox One, Xbox Series X|S",Want to Play,Low,Deep Silver,Metascore 64. Series reboot. Mixed reception but maintained fanbase.,Personal Discovery,"August 23, 2022"
Rollerdrome,Roll7,"Action, Shooter",81,"PC, PlayStation 4, PlayStation 5",Want to Play,Medium,Private Division,Metascore 81. Roller skating third-person shooter. Stylish action with combo system.,Personal Discovery,"August 16, 2022"
Cult of the Lamb,Massive Monster,"Action, Indie, Simulation",82,"Nintendo Switch, PC, PlayStation 4, PlayStation 5, Xbox One, Xbox Series X|S",Want to Play,High,Devolver Digital,Metascore 82. Build cult and battle enemies. Adorable dark aesthetic. Over 3 million sold.,Personal Discovery,"August 11, 2022"
Xenoblade Chronicles 3,Monolith Soft,"Action, RPG",89,Nintendo Switch,Want to Play,High,Nintendo,Metascore 89. Epic JRPG with 100+ hour story. Massive world and complex combat system.,Personal Discovery,"July 29, 2022"
Stray,BlueTwelve Studio,"Adventure, Indie, Puzzle",83,"PC, PlayStation 4, PlayStation 5",Want to Play,Medium,Annapurna Interactive,Metascore 83-84. Indie sensation where you play as a cat in cyberpunk city. Charming and atmospheric.,Personal Discovery,"July 19, 2022"
Cuphead: The Delicious Last Course,Studio MDHR,"Action, Platformer",89,"Nintendo Switch, PC, PlayStation 4, Xbox One, Xbox Series X|S",Want to Play,High,Studio MDHR,Metascore 89. DLC expansion for Cuphead. New bosses and Ms. Chalice character.,Personal Discovery,"June 30, 2022"
Neon White,Angel Matrix,"Action, Indie, Platformer",87,"Nintendo Switch, PC, PlayStation 4, PlayStation 5, Xbox Series X|S",Want to Play,High,Annapurna Interactive,Metascore 87. Lightning-fast FPS card game hybrid. Speedrunning heaven with anime aesthetic.,Personal Discovery,"June 16, 2022"
Teenage Mutant Ninja Turtles: Shredder's Revenge,Tribute Games,"Action, Fighting",84,"Nintendo Switch, PC, PlayStation 4, PlayStation 5, Xbox One, Xbox Series X|S",Want to Play,Medium,Dotemu,Metascore 84. Nostalgic beat 'em up. Perfect homage to classic arcade games.,Personal Discovery,"June 16, 2022"
The Quarry,Supermassive Games,"Adventure, Horror",78,"PC, PlayStation 4, PlayStation 5, Xbox One, Xbox Series X|S",Want to Play,Medium,2K Games,Metascore 78. Cinematic horror game. Interactive movie with branching paths.,Personal Discovery,"June 10, 2022"
Sniper Elite 5,Rebellion Developments,"Action, Shooter",78,"PC, PlayStation 4, PlayStation 5, Xbox One, Xbox Series X|S",Want to Play,Medium,Rebellion Developments,Metascore 78. WWII stealth shooter. Famous for X-ray kill cams.,Personal Discovery,"May 26, 2022"
Trek to Yomi,Flying Wild Hog,"Action, Adventure",74,"Nintendo Switch, PC, PlayStation 4, PlayStation 5, Xbox One, Xbox Series X|S",Want to Play,Medium,Devolver Digital,Metascore 74. Black and white samurai adventure. Kurosawa-inspired aesthetics.,Personal Discovery,"May 5, 2022"
LEGO Star Wars: The Skywalker Saga,TT Games,"Action, Adventure",79,"Nintendo Switch, PC, PlayStation 4, PlayStation 5, Xbox One, Xbox Series X|S",Want to Play,Medium,Warner Bros. Games,Metascore 79. All nine Star Wars films in LEGO form. Massive content and improved gameplay.,Personal Discovery,"April 5, 2022"
Tiny Tina's Wonderlands,Gearbox Software,"RPG, Shooter",78,"PC, PlayStation 4, PlayStation 5, Xbox One, Xbox Series X|S",Want to Play,Medium,2K Games,Metascore 78. Fantasy spin-off of Borderlands. Looter shooter with D&D theme.,Personal Discovery,"March 25, 2022"
Ghostwire: Tokyo,Tango Gameworks,"Action, Horror",75,"PC, PlayStation 5",Want to Play,Medium,Bethesda Softworks,Metascore 75. Supernatural action in Tokyo. Unique hand-gesture combat.,Personal Discovery,"March 25, 2022"
Kirby and the Forgotten Land,HAL Laboratory,"Action, Platformer",85,Nintendo Switch,Want to Play,High,Nintendo,Metascore 85. First 3D Kirby platformer. Charming post-apocalyptic setting. Over 7 million sold.,Personal Discovery,"March 25, 2022"
Norco,Geography of Robots,"Adventure, Indie",85,"Nintendo Switch, PC, PlayStation 5, Xbox Series X|S",Want to Play,High,Raw Fury,Metascore 85. Southern Gothic point-and-click. Dystopian Louisiana setting.,Personal Discovery,"March 24, 2022"
Stranger of Paradise: Final Fantasy Origin,Team Ninja,"Action, RPG",72,"PC, PlayStation 4, PlayStation 5, Xbox One, Xbox Series X|S",Want to Play,Medium,Square Enix,Metascore 72. Dark retelling of FF1. Over-the-top Nioh-style combat.,Personal Discovery,"March 18, 2022"
Tunic,Andrew Shouldice,"Action, Adventure, Indie",85,"PC, Xbox One, Xbox Series X|S",Want to Play,Medium,Finji,Metascore 85-87. Zelda-inspired adventure with adorable fox protagonist. Mystery-filled with in-game manual to decipher.,Personal Discovery,"March 16, 2022"
Gran Turismo 7,Polyphony Digital,"Racing, Simulation",87,"PlayStation 4, PlayStation 5",Want to Play,Medium,Sony Interactive Entertainment,Metascore 87. Return to form for legendary racing simulator. Stunning graphics and extensive car collection.,Personal Discovery,"March 4, 2022"
Elden Ring,FromSoftware,"Action, RPG",96,"PC, PlayStation 4, PlayStation 5, Xbox One, Xbox Series X|S",Want to Play,High,Bandai Namco Entertainment,Metascore 96. Created by Hidetaka Miyazaki and George R.R. Martin. One of highest-rated games ever. Massive critical and commercial success.,Personal Discovery,"February 25, 2022"
Horizon Forbidden West,Guerrilla Games,"Action, Adventure, RPG",88,"PlayStation 4, PlayStation 5",Want to Play,High,Sony Interactive Entertainment,Metascore 88. Sequel to Horizon Zero Dawn. Expanded world with underwater exploration and machine riding.,Personal Discovery,"February 18, 2022"
Total War: Warhammer III,Creative Assembly,Strategy,87,PC,Want to Play,Medium,Sega,Metascore 87. Epic fantasy strategy. Conclusion to Total War Warhammer trilogy.,Personal Discovery,"February 17, 2022"
OlliOlli World,Roll7,"Action, Platformer",85,"Nintendo Switch, PC, PlayStation 4, PlayStation 5, Xbox One, Xbox Series X|S",Want to Play,Medium,Private Division,Metascore 85. Skateboarding platformer. Vibrant art style and smooth gameplay.,Personal Discovery,"February 8, 2022"
Sifu,Sloclap,"Action, Fighting",81,"PC, PlayStation 4, PlayStation 5",Want to Play,Medium,Sloclap,Metascore 81-82. Kung fu action game with unique aging mechanic. Challenging combat inspired by martial arts films.,Personal Discovery,"February 8, 2022"
Dying Light 2 Stay Human,Techland,"Action, Horror",76,"PC, PlayStation 4, PlayStation 5, Xbox One, Xbox Series X|S",Want to Play,Medium,Techland,Metascore 76. Parkour zombie survival. Over 5 million sold in first month.,Personal Discovery,"February 4, 2022"
Forza Horizon 5,Playground Games,Racing,92,"PC, Xbox One, Xbox Series X|S",Want to Play,Medium,Xbox Game Studios,Metascore 92. Best-selling Microsoft exclusive of 2022. Set in Mexico with stunning visuals and massive car roster.,Personal Discovery,"November 9, 2021"
Unpacking,Witch Beam,"Indie, Puzzle, Simulation",82,"Nintendo Switch, PC, Xbox One, Xbox Series X|S",Want to Play,Medium,Witch Beam,Metascore 82. Zen unpacking game. Tells story through environmental storytelling alone.,Personal Discovery,"November 2, 2021"
Marvel's Guardians of the Galaxy,Eidos-Montréal,"Action, Adventure",80,"Nintendo Switch, PC, PlayStation 4, PlayStation 5, Xbox One, Xbox Series X|S",Want to Play,Medium,Square Enix,Metascore 80. Underrated single-player adventure. Great character writing and soundtrack.,Personal Discovery,"October 26, 2021"
Inscryption,Daniel Mullins Games,"Horror, Indie, Puzzle, Strategy",85,"Nintendo Switch, PC, PlayStation 4, PlayStation 5, Xbox One",Want to Play,High,Devolver Digital,Metascore 85. Mind-bending card game horror. Best experienced knowing nothing. Multiple genre shifts.,Personal Discovery,"October 19, 2021"
Metroid Dread,MercurySteam,"Action, Adventure, Platformer",88,Nintendo Switch,Want to Play,High,Nintendo,Metascore 88. First new 2D Metroid in 19 years. Intensely challenging with refined mechanics.,Personal Discovery,"October 8, 2021"
Sable,Shedworks,"Adventure, Indie",76,"PC, Xbox One, Xbox Series X|S",Want to Play,Medium,Raw Fury,Metascore 76. Open-world exploration. Moebius-inspired art and coming-of-age story.,Personal Discovery,"September 23, 2021"
Kena: Bridge of Spirits,Ember Lab,"Action, Adventure",81,"PC, PlayStation 4, PlayStation 5",Want to Play,High,Ember Lab,Metascore 81. Stunning visuals from former animation studio. Challenging combat with adorable Rot companions.,Personal Discovery,"September 21, 2021"
Eastward,Pixpil,"Adventure, Indie, RPG",77,"Nintendo Switch, PC",Want to Play,Medium,Chucklefish,Metascore 77. Post-apocalyptic adventure. Beautiful pixel art and emotional story.,Personal Discovery,"September 16, 2021"
Deathloop,Arkane Studios,"Action, Shooter",88,"PC, PlayStation 5",Want to Play,Medium,Bethesda Softworks,Metascore 88. Time-loop assassination game from creators of Dishonored. Innovative multiplayer invasion mechanics.,Personal Discovery,"September 14, 2021"
The Artful Escape,Beethoven & Dinosaur,"Adventure, Indie, Platformer",82,"PC, Xbox One, Xbox Series X|S",Want to Play,Medium,Annapurna Interactive,Metascore 82. Psychedelic musical journey. Stunning visuals and original soundtrack.,Personal Discovery,"September 9, 2021"
Psychonauts 2,Double Fine Productions,"Adventure, Platformer",87,"PC, PlayStation 4, Xbox One, Xbox Series X|S",Want to Play,Medium,Xbox Game Studios,Metascore 87-89. Long-awaited sequel 16 years after original. Creative level design and heartfelt story.,Personal Discovery,"August 25, 2021"
Twelve Minutes,Luis Antonio,"Adventure, Indie, Puzzle",70,"PC, Xbox One, Xbox Series X|S",Want to Play,Low,Annapurna Interactive,Metascore 70-75. Time-loop thriller. Divisive narrative but interesting concept.,Personal Discovery,"August 19, 2021"
The Forgotten City,Modern Storyteller,"Adventure, RPG",83,"Nintendo Switch, PC, PlayStation 4, PlayStation 5, Xbox One, Xbox Series X|S",Want to Play,High,Dear Villagers,Metascore 83. Time-loop mystery in ancient Rome. Originally a Skyrim mod.,Personal Discovery,"July 28, 2021"
Deaths Door,Acid Nerve,"Action, Adventure, Indie",87,"Nintendo Switch, PC, PlayStation 4, PlayStation 5, Xbox One, Xbox Series X|S",Want to Play,High,Devolver Digital,Metascore 87. Zelda-like action adventure. Play as crow reaping souls.,Personal Discovery,"July 20, 2021"
Scarlet Nexus,Bandai Namco Studios,"Action, RPG",78,"PC, PlayStation 4, PlayStation 5, Xbox One, Xbox Series X|S",Want to Play,Medium,Bandai Namco Entertainment,Metascore 78-82. Psychic powers action-RPG. Anime aesthetic with dual protagonist stories.,Personal Discovery,"June 25, 2021"
Wildermyth,Worldwalker Games,"Indie, RPG, Strategy",84,"Nintendo Switch, PC, PlayStation 5, Xbox Series X|S",Want to Play,High,Worldwalker Games,Metascore 84. Procedural tactical RPG. Characters age and grow across campaigns.,Personal Discovery,"June 15, 2021"
Guilty Gear Strive,Arc System Works,Fighting,86,"PC, PlayStation 4, PlayStation 5",Want to Play,Medium,Arc System Works,Metascore 86-90. Stylish anime fighter. Accessible to newcomers while maintaining depth.,Personal Discovery,"June 11, 2021"
Ratchet & Clank: Rift Apart,Insomniac Games,"Action, Adventure, Platformer",88,"PC, PlayStation 5",Want to Play,High,Sony Interactive Entertainment,Metascore 88. PS5 exclusive showcasing console's SSD with instant world transitions. Stunning visuals.,Personal Discovery,"June 11, 2021"
Chicory: A Colorful Tale,Greg Lobanov,"Adventure, Indie, Puzzle",89,"Nintendo Switch, PC, PlayStation 4, PlayStation 5",Want to Play,High,Finji,Metascore 89. Paint the world in this charming adventure. Heartwarming story about art and self-doubt.,Personal Discovery,"June 10, 2021"
Mass Effect Legendary Edition,BioWare,"Action, RPG, Shooter",89,"PC, PlayStation 4, Xbox One",Want to Play,High,Electronic Arts,Metascore 89-90. Remastered trilogy of one of gaming's greatest sci-fi RPG series. All DLC included with visual enhancements.,Personal Discovery,"May 14, 2021"
Resident Evil Village,Capcom,"Action, Horror",84,"PC, PlayStation 4, PlayStation 5, Xbox One, Xbox Series X|S",Want to Play,High,Capcom,Metascore 84. Continuation of Resident Evil 7. Gothic horror with action focus. Over 10 million sold.,Personal Discovery,"May 7, 2021"
Guardians of the Galaxy: The Telltale Series,Telltale Games,Adventure,77,"PC, PlayStation 4, Xbox One",Want to Play,Low,Telltale Games,Narrative adventure game with player choices.,Personal Discovery,"May 4, 2021"
Returnal,Housemarque,"Action, Shooter",86,"PC, PlayStation 5",Want to Play,High,Sony Interactive Entertainment,Metascore 86. PS5 exclusive roguelike third-person shooter. Praised for intense gameplay and use of DualSense features.,Personal Discovery,"April 30, 2021"
Disco Elysium: The Final Cut,ZA/UM,RPG,91,"Nintendo Switch, PC, PlayStation 4, PlayStation 5, Xbox One, Xbox Series X|S",Want to Play,High,ZA/UM,Metascore 91-97 depending on platform. Definitive version with full voice acting. Revolutionary narrative RPG with no combat.,Personal Discovery,"March 30, 2021"
Monster Hunter Rise,Capcom,"Action, RPG",88,"Nintendo Switch, PC",Want to Play,High,Capcom,Metascore 88. Faster-paced Monster Hunter. Wirebug mechanics add verticality. Over 13 million sold.,Personal Discovery,"March 26, 2021"
It Takes Two,Hazelight Studios,"Action, Adventure, Platformer",88,"PC, PlayStation 4, PlayStation 5, Xbox One, Xbox Series X|S",Want to Play,High,Electronic Arts,Metascore 88-90. Won Game of the Year 2021 at The Game Awards. Revolutionary co-op gameplay.,Personal Discovery,"March 26, 2021"
Loop Hero,Four Quarters,"Indie, RPG, Strategy",83,"Nintendo Switch, PC",Want to Play,Medium,Devolver Digital,Metascore 83. Unique roguelike deck-builder. Minimalist but deeply addictive gameplay loop.,Personal Discovery,"March 4, 2021"
Curse of the Dead Gods,Passtech Games,"Action, Indie",79,"Nintendo Switch, PC, PlayStation 4, Xbox One",Want to Play,Medium,Focus Entertainment,Metascore 79. Roguelike dungeon crawler. Risk-reward darkness mechanic.,Personal Discovery,"February 23, 2021"
Bowser's Fury,Nintendo,"Action, Platformer",89,Nintendo Switch,Want to Play,High,Nintendo,Metascore 89. Open-world Mario experiment. Bundled with Super Mario 3D World.,Personal Discovery,"February 12, 2021"
Little Nightmares II,Tarsier Studios,"Adventure, Horror, Puzzle",81,"Nintendo Switch, PC, PlayStation 4, PlayStation 5, Xbox One, Xbox Series X|S",Want to Play,Medium,Bandai Namco Entertainment,Metascore 81-84. Creepy puzzle-platformer. Atmospheric horror for all ages.,Personal Discovery,"February 11, 2021"
Valheim,Iron Gate Studio,"Adventure, Indie, Simulation",85,"PC, Xbox One, Xbox Series X|S",Want to Play,High,Coffee Stain Publishing,Metascore 85. Viking survival crafting co-op. Over 12 million sold in early access. Still being updated.,Personal Discovery,"February 2, 2021"
Cyber Shadow,Mechanical Head Studios,"Action, Platformer",83,"Nintendo Switch, PC, PlayStation 4, PlayStation 5, Xbox One, Xbox Series X|S",Want to Play,Medium,Yacht Club Games,Metascore 83. Retro ninja action platformer. Challenging NES-inspired gameplay.,Personal Discovery,"January 26, 2021"
Hitman 3,IO Interactive,,87,"Nintendo Switch, PC, PlayStation 4, PlayStation 5, Xbox One, Xbox Series X|S",Want to Play,High,IO Interactive,Metascore 87. Conclusion to World of Assassination trilogy. Creative assassination sandboxes.,Personal Discovery,"January 20, 2021"
Dragon Quest XI S: Echoes of an Elusive Age,Square Enix,RPG,91,"Nintendo Switch, PC, PlayStation 4, Xbox One",Want to Play,Medium,Square Enix,Metascore 91-93 depending on platform. Third highest-rated game of 2020. Definitive edition of acclaimed JRPG.,Personal Discovery,"December 4, 2020"
Immortals Fenyx Rising,Ubisoft Quebec,"Action, Adventure",77,"Nintendo Switch, PC, PlayStation 4, PlayStation 5, Xbox One, Xbox Series X|S",Want to Play,Medium,Ubisoft,Metascore 77-80. Greek mythology open-world. Compared to Breath of the Wild with unique charm.,Personal Discovery,"December 3, 2020"
Astro's Playroom,Team Asobi,"Action, Platformer",83,PlayStation 5,Want to Play,High,Sony Interactive Entertainment,Metascore 83. PS5 pack-in game. Showcases DualSense features with PlayStation nostalgia.,Personal Discovery,"November 12, 2020"
Sackboy: A Big Adventure,Sumo Digital,"Action, Platformer",79,"PC, PlayStation 4, PlayStation 5",Want to Play,Medium,Sony Interactive Entertainment,Metascore 79. Charming 3D platformer. Accessible co-op gameplay for families.,Personal Discovery,"November 12, 2020"
Demon's Souls Remake,Bluepoint Games,"Action, RPG",92,PlayStation 5,Want to Play,High,Sony Interactive Entertainment,Metascore 92. Stunning remake of PS3 classic. PS5 launch title showcasing console capabilities.,Personal Discovery,"November 12, 2020"
Tetris Effect: Connected,Monstars Inc.,Puzzle,89,"PC, PlayStation 4, Xbox One, Xbox Series X|S",Want to Play,High,Enhance,Metascore 89. Mesmerizing Tetris experience. Audio-visual synesthesia with multiplayer.,Personal Discovery,"November 10, 2020"
Yakuza: Like a Dragon,Ryu Ga Gotoku Studio,"Action, RPG",84,"PC, PlayStation 4, PlayStation 5, Xbox One, Xbox Series X|S",Want to Play,High,Sega,Metascore 84. Series reboot with turn-based combat. Fresh protagonist and setting.,Personal Discovery,"November 10, 2020"
13 Sentinels: Aegis Rim,Vanillaware,"Adventure, Strategy",85,"Nintendo Switch, PlayStation 4",Want to Play,High,Atlus,Metascore 85. Complex sci-fi visual novel. Intricate time-travel narrative praised by critics.,Personal Discovery,"September 22, 2020"
Hades,Supergiant Games,"Action, Indie, RPG",93,"Nintendo Switch, PC, PlayStation 4, PlayStation 5, Xbox One, Xbox Series X|S",Want to Play,High,Supergiant Games,Metascore 93. Won Game of the Year 2020 at multiple outlets. Revolutionized roguelike genre with narrative integration.,Personal Discovery,"September 17, 2020"
Spelunky 2,Mossmouth,"Action, Indie, Platformer",88,"PC, PlayStation 4",Want to Play,High,Mossmouth,Metascore 88. Roguelike platformer sequel. Even more depth and secrets than original.,Personal Discovery,"September 15, 2020"
Paradise Killer,Kaizen Game Works,"Adventure, Indie, Puzzle",82,"Nintendo Switch, PC, PlayStation 4, PlayStation 5, Xbox One, Xbox Series X|S",Want to Play,High,Fellow Traveller,Metascore 82. Open-world murder mystery. Vaporwave aesthetic and player-driven investigation.,Personal Discovery,"September 4, 2020"
Crusader Kings III,Paradox Development Studio,"Simulation, Strategy",91,"PC, PlayStation 5, Xbox Series X|S",Want to Play,Medium,Paradox Interactive,Metascore 91. Grand strategy about medieval dynasties. More accessible than predecessor.,Personal Discovery,"September 1, 2020"
Mortal Shell,Cold Symmetry,"Action, RPG",78,"PC, PlayStation 4, PlayStation 5, Xbox One, Xbox Series X|S",Want to Play,Medium,Playstack,Metascore 78. Dark soulslike from indie team. Unique shell-swapping mechanic.,Personal Discovery,"August 18, 2020"
Spiritfarer,Thunder Lotus Games,"Adventure, Indie, Simulation",86,"Nintendo Switch, PC, PlayStation 4, Xbox One",Want to Play,High,Thunder Lotus Games,Metascore 86-88. Emotional management game about death and letting go. Beautiful hand-drawn art.,Personal Discovery,"August 18, 2020"
Microsoft Flight Simulator,Asobo Studio,Simulation,90,"PC, Xbox Series X|S",Want to Play,Medium,Xbox Game Studios,Metascore 90-93. Stunningly realistic flight simulation. Uses satellite data to recreate entire Earth.,Personal Discovery,"August 18, 2020"
Fall Guys,Mediatonic,"Action, Battle Royale",81,"Nintendo Switch, PC, PlayStation 4, PlayStation 5, Xbox One, Xbox Series X|S",Want to Play,Medium,Devolver Digital,Metascore 81. Battle royale party game phenomenon. Over 50 million players in first month.,Personal Discovery,"August 4, 2020"
Carrion,Phobia Game Studio,"Action, Horror, Indie",78,"Nintendo Switch, PC, PlayStation 4, Xbox One",Want to Play,Medium,Devolver Digital,Metascore 78. Reverse horror game. Play as amorphous monster hunting humans.,Personal Discovery,"July 23, 2020"
Ghost of Tsushima,Sucker Punch Productions,"Action, Adventure",83,"PC, PlayStation 4, PlayStation 5",Want to Play,High,Sony Interactive Entertainment,Metascore 83-87. Beautiful open-world samurai game set in feudal Japan. Sold over 13 million copies.,Personal Discovery,"July 17, 2020"
Neon Abyss,Veewo Games,"Action, Indie, Platformer",73,"Nintendo Switch, PC, PlayStation 4, Xbox One",Want to Play,Medium,Team17,Metascore 73. Roguelike run-and-gun. Colorful visuals and item synergies.,Personal Discovery,"July 14, 2020"
The Last of Us Part II,Naughty Dog,"Action, Adventure",93,PlayStation 4,Want to Play,High,Sony Interactive Entertainment,Metascore 93. Second highest-rated game of 2020. Winner of multiple Game of the Year awards including The Game Awards 2020.,Personal Discovery,"June 19, 2020"
Outer Wilds,Mobius Digital,"Adventure, Indie, Puzzle",89,"Nintendo Switch, PC, PlayStation 4, Xbox One",Want to Play,High,Annapurna Interactive,Metascore 89. Time-loop space exploration game. Widely praised for innovative design and emotional storytelling.,Personal Discovery,"June 18, 2020"
Final Fantasy VII Remake,Square Enix,"Action, RPG",87,"PC, PlayStation 4, PlayStation 5",Want to Play,High,Square Enix,Metascore 87. Reimagining of iconic JRPG. Sold over 7 million copies. Expanded story and modern combat.,Personal Discovery,"April 10, 2020"
Half-Life: Alyx,Valve,"Action, Adventure, Shooter",93,"PC, VR",Want to Play,High,Valve,Metascore 93. Highest-rated PC game of 2020. Revolutionary VR experience that set new standards for virtual reality gaming.,Personal Discovery,"March 23, 2020"
Doom Eternal,id Software,"Action, Shooter",88,"Nintendo Switch, PC, PlayStation 4, PlayStation 5, Xbox One, Xbox Series X|S",Want to Play,High,Bethesda Softworks,Metascore 88. Fast-paced demon-slaying FPS. Praised for refined combat loop and level design.,Personal Discovery,"March 20, 2020"
Animal Crossing: New Horizons,Nintendo,Simulation,90,Nintendo Switch,Want to Play,Medium,Nintendo,"Metascore 90. Cultural phenomenon during 2020 pandemic. Sold over 45 million copies, one of best-selling Switch games.",Personal Discovery,"March 20, 2020"
Ori and the Will of the Wisps,Moon Studios,"Adventure, Platformer",90,"Nintendo Switch, PC, Xbox One, Xbox Series X|S",Want to Play,High,Xbox Game Studios,Metascore 90-93. Beautiful metroidvania with emotional story. Improved combat from predecessor.,Personal Discovery,"March 11, 2020"
Kentucky Route Zero: TV Edition,Cardboard Computer,"Adventure, Indie",85,"Nintendo Switch, PlayStation 4, Xbox One",Want to Play,High,Annapurna Interactive,Metascore 85. Magical realist adventure. Complete edition of acclaimed episodic series.,Personal Discovery,"January 28, 2020"
Persona 5 Royal,Atlus,RPG,94,"Nintendo Switch, PC, PlayStation 4, PlayStation 5, Xbox Series X|S",Want to Play,High,Atlus,"Metascore 94-95 depending on platform. Definitive version of critically acclaimed JRPG. Praised for style, story, and gameplay depth.",Personal Discovery,"October 31, 2019"
Sekiro: Shadows Die Twice,FromSoftware,"Action, Adventure",93,"PC, PlayStation 4, Xbox One",Want to Play,High,Activision,Metascore 93. Won Game of the Year 2019. FromSoftware's samurai action game with innovative combat system.,Personal Discovery,"March 22, 2019"
Resident Evil 2,Capcom,"Action, Adventure, Horror",93,"PC, PlayStation 4, Xbox One",Want to Play,Medium,Capcom,Metascore 93. Highest-rated game of 2019 alongside Sekiro. Masterful remake of survival horror classic.,Personal Discovery,"January 25, 2019"
The Legend of Zelda: Breath of the Wild,Nintendo,"Action, Adventure, RPG",97,Nintendo Switch,Want to Play,High,Nintendo,One of highest-rated games of all time. Revolutionary open-world design that influenced entire industry.,Personal Discovery,"March 3, 2017"
The Witcher 3: Wild Hunt,CD Projekt Red,"Action, Adventure, RPG",94,"Nintendo Switch, PC, PlayStation 4, PlayStation 5, Xbox One, Xbox Series X|S",Want to Play,High,CD Projekt,Metascore 94. One of greatest RPGs ever made. Won over 250 Game of the Year awards. Netflix adaptation popularized it further.,Personal Discovery,"May 19, 2015"
Grand Theft Auto V,Rockstar North,"Action, Adventure",97,"PC, PlayStation 4, PlayStation 5, Xbox One, Xbox Series X|S",Want to Play,Medium,Rockstar Games,Second best-selling game of 21st century with 205 million units sold. Metascore 97. Ongoing success with GTA Online.,Personal Discovery,"September 17, 2013"
Minecraft,Mojang Studios,"Adventure, Indie, Simulation",93,"Mobile, Nintendo Switch, PC, PlayStation 4, PlayStation 5, Xbox One, Xbox Series X|S",Want to Play,Medium,Microsoft,Best-selling game of 21st century with 300 million units sold. Cultural phenomenon and industry-defining title.,Personal Discovery,"November 18, 2011"
The Legend of Zelda: Ocarina of Time,Nintendo,"Action, Adventure, RPG",99,Nintendo Switch,Want to Play,High,Nintendo,Most critically acclaimed video game of all time with near-perfect Metascore of 99. Considered the gold standard for action-adventure games.,Personal Discovery,"November 21, 1998"
,,,,,,,,,,